AUC,AUC_wo,Accuracy,Accuracy_wo,Classifier_Type,Imputer,Missingness,Repeat,columns_imp_count
0.7791882862557719,0.7807499787542908,0.7001640746365048,0.7031470911661518,GB,complete_case,mnarY2,0,3
0.7886880688814952,0.7587167040248438,0.7137979787401163,0.6865877712031558,GB,mean,mnarY2,0,3
0.7480099249622904,0.7472758905478672,0.6777242498821805,0.677722504407324,LDA,mean,mnarY2,0,3
0.7462301541358208,0.7444453379811148,0.6800980956869316,0.6777085406084724,SVC,mean,mnarY2,0,3
0.741997140384644,0.7536317236709784,0.6712083922431098,0.683616972997504,RF,mean,mnarY2,0,3
0.7768974881983872,0.7311603273989883,0.7061143984220907,0.6783020020596603,GB,median,mnarY2,0,3
0.750249659807891,0.7486335425321717,0.6771307884309927,0.6788692813880016,LDA,median,mnarY2,0,3
0.7485476286584776,0.7471821141474967,0.6783037475345168,0.6771115882075719,SVC,median,mnarY2,0,3
0.7494800191492011,0.7463778907885608,0.6907228011380497,0.6847951685255974,RF,median,mnarY2,0,3
0.7789468085914817,0.7350425229581556,0.7096385121572324,0.6723953151454853,GB,knn,mnarY2,0,3
0.7518968454877417,0.7502123334186143,0.672967830898396,0.675959574802325,LDA,knn,mnarY2,0,3
0.7466401329983887,0.7468949998055477,0.6759281562549091,0.6824300500951284,SVC,knn,mnarY2,0,3
0.7381551351016021,0.7444644072159022,0.6806845752386936,0.6836396641706376,RF,knn,mnarY2,0,3
0.7835224894338915,0.7327515982460456,0.7143827128170218,0.664106055052277,GB,mice,mnarY2,0,3
0.7469350741056797,0.7468021847393771,0.678312474908799,0.6788919725611352,LDA,mice,mnarY2,0,3
0.7448570160037434,0.7442300982090675,0.6735717651987224,0.6777085406084725,SVC,mice,mnarY2,0,3
0.7428090653442522,0.7535394737083912,0.6788884816114223,0.6877677122061057,RF,mice,mnarY2,0,3
0.779644094758198,0.720390067001343,0.7084620621039954,0.6558185404339251,GB,tree,mnarY2,0,3
0.745136128498818,0.744792193866961,0.6729940130212424,0.6694175350404077,LDA,tree,mnarY2,0,3
0.7442793798110481,0.7444634443916469,0.6735752561484352,0.6706044579427834,SVC,tree,mnarY2,0,3
0.752071758395234,0.7418950450039006,0.6889441622593426,0.6913180080640938,RF,tree,mnarY2,0,3
0.8259741653168005,0.8335683965566403,0.740383306278473,0.7528198146305703,GB,complete_case,mnarY4,0,3
0.8252416741032859,0.8291424432054134,0.7421916182297394,0.7522368260285212,GB,mean,mnarY4,0,3
0.7313929528913461,0.7347819941880878,0.6688502557120665,0.6706114398422092,LDA,mean,mnarY4,0,3
0.7328130978071994,0.7281478241438377,0.6682428304620271,0.6682550487860224,SVC,mean,mnarY4,0,3
0.7846385888786125,0.780077605572053,0.7149517376202196,0.71319404443979,RF,mean,mnarY4,0,3
0.8309545785360373,0.7928367616284062,0.7475135710670088,0.704906529821438,GB,median,mnarY4,0,3
0.7378339076752616,0.7396101728976072,0.6694192805152641,0.6712258469916741,LDA,median,mnarY4,0,3
0.7371059261149975,0.7369192365531299,0.6711804646454068,0.6676580963851216,SVC,median,mnarY4,0,3
0.7620669519725778,0.7620691608558223,0.6901241032622926,0.6918940147667173,RF,median,mnarY4,0,3
0.824507519242702,0.7684015870681453,0.7398195178998447,0.6989893700581243,GB,knn,mnarY4,0,3
0.7328137586468547,0.7398411287826738,0.6646977710286083,0.6711961739191146,LDA,knn,mnarY4,0,3
0.7404107296022442,0.7391564055230002,0.6735717651987223,0.6717931263200153,SVC,knn,mnarY4,0,3
0.7553687523769491,0.7546366407550966,0.6901328306365746,0.6942643696217556,RF,knn,mnarY4,0,3
0.8273728765279837,0.7853623027954884,0.749843780000349,0.7119914122637063,GB,mice,mnarY4,0,3
0.731436097699369,0.7337380284587705,0.6640973276779948,0.6694210259901207,LDA,mice,mnarY4,0,3
0.7318281541732706,0.7311198028537247,0.6617601368452288,0.6676580963851215,SVC,mice,mnarY4,0,3
0.7608660719656124,0.7530869747436074,0.6984081269309316,0.6954425651498489,RF,mice,mnarY4,0,3
0.834711821758358,0.7627215173762585,0.7492782461468643,0.6930704648199543,GB,tree,mnarY4,0,3
0.7241909862365056,0.7265963633603872,0.6558290132830636,0.6540591017786389,LDA,tree,mnarY4,0,3
0.7256802478777014,0.7244663341061258,0.6617269728229564,0.6558150494842122,SVC,tree,mnarY4,0,3
0.7552324865446739,0.7472711490668005,0.6942818243703199,0.6812413817178964,RF,tree,mnarY4,0,3
0.9416178035219648,0.9431866502740684,0.8976924822397934,0.8923652929779546,GB,complete_case,mnarY8,0,3
0.9439064025056376,0.9437618067659151,0.894739138782706,0.8893997311968722,GB,mean,mnarY8,0,3
0.711713399776899,0.7132005296452272,0.6676755511336859,0.6629470597476043,LDA,mean,mnarY8,0,3
0.7145297970638652,0.7146427740722578,0.6599640432179574,0.6652982143792219,SVC,mean,mnarY8,0,3
0.9313097510430017,0.9310752184036566,0.8693128065490218,0.8722713864306785,RF,mean,mnarY8,0,3
0.9431323794692789,0.9397400672521691,0.8906110907472378,0.8852647012619783,GB,median,mnarY8,0,3
0.717980893712497,0.7162912628057241,0.6664729189576024,0.664668097956049,LDA,median,mnarY8,0,3
0.7426949177730204,0.7055534016801965,0.6942783334206071,0.6581557312666911,SVC,median,mnarY8,0,3
0.9027807686918656,0.9007105390936697,0.8178439894573319,0.8107556160653505,RF,median,mnarY8,0,3
0.9463734175175007,0.9093673134550977,0.8947234295089979,0.8385488122043603,GB,knn,mnarY8,0,3
0.8112821901055639,0.8257770913091663,0.7445340454870747,0.7528337784294217,LDA,knn,mnarY8,0,3
0.8175619116856965,0.826931249629659,0.7433610863835507,0.7563439283657118,SVC,knn,mnarY8,0,3
0.8555164081941733,0.8644959128271784,0.7699586322459024,0.7823602311008709,RF,knn,mnarY8,0,3
0.9414366013381592,0.9414435678447394,0.8894084585711542,0.8840847602590285,GB,mice,mnarY8,0,3
0.7091659610011722,0.7096686784403906,0.6635265573999407,0.6652510865580982,LDA,mice,mnarY8,0,3
0.7078566702611774,0.7068218882411618,0.6640886003037126,0.6641043095774205,SVC,mice,mnarY8,0,3
0.8980980685800073,0.89709945008505,0.8291057932310485,0.8326491071896107,RF,mice,mnarY8,0,3
0.9438766016421306,0.9278422639070241,0.898280707266412,0.8640083084603166,GB,tree,mnarY8,0,3
0.7441154928182548,0.7616184797588612,0.6818575343422179,0.6948456127489484,LDA,tree,mnarY8,0,3
0.748637616592504,0.7613201485267547,0.69488401319579,0.7025431568658252,SVC,tree,mnarY8,0,3
0.8674238165618388,0.8757141863772462,0.7883053184618876,0.7853345202562356,RF,tree,mnarY8,0,3
0.7175879034704238,0.7292141255581438,0.6611562025449024,0.6676406416365573,GB,complete_case,mnarF2,0,3
0.7270648922190639,0.7204076866603817,0.6605417953954373,0.6629313504738964,GB,mean,mnarF2,0,3
0.7456458077261071,0.746113652400924,0.6729800492223911,0.6765024174826761,LDA,mean,mnarF2,0,3
0.7466300329048976,0.7418549111015449,0.6777242498821805,0.6777207589324675,SVC,mean,mnarF2,0,3
0.7363876104211904,0.7414856093907674,0.6765408179295177,0.6800666771395159,RF,mean,mnarF2,0,3
0.7261646875499945,0.7254128136933328,0.6599797524916654,0.6587596655670176,GB,median,mnarF2,0,3
0.7440409915286863,0.74734410901803,0.670614930791922,0.6776928313347647,LDA,median,mnarF2,0,3
0.7465517935625327,0.7458250102553077,0.6806479202667085,0.6765111448569583,SVC,median,mnarF2,0,3
0.7419506825621822,0.744025699212312,0.6753469131277163,0.6865633345551656,RF,median,mnarF2,0,3
0.7236005608966598,0.7266341221141286,0.6634968843273812,0.6617217363983872,GB,knn,mnarF2,0,3
0.7458870750442161,0.7470457616436544,0.6717948717948717,0.6705887486690755,LDA,knn,mnarF2,0,3
0.7461774056711614,0.7450490439381137,0.6723953151454853,0.675332949328865,SVC,knn,mnarF2,0,3
0.7435361760911937,0.7472759878981657,0.6913092806898116,0.687170759805205,RF,knn,mnarF2,0,3
0.7228151503587781,0.7252930544485683,0.673554310450158,0.6664659370581767,GB,mice,mnarF2,0,3
0.7465282233664855,0.7460602803479995,0.6741512628510586,0.6842034525492661,LDA,mice,mnarF2,0,3
0.7472660189295668,0.7458343350232053,0.6735752561484352,0.6770993698835769,SVC,mice,mnarF2,0,3
0.7457689688919603,0.7430001432440109,0.6859733640536908,0.6788884816114225,RF,mice,mnarF2,0,3
0.7171323855288383,0.7138097423510106,0.6575971793126321,0.6546211446824108,GB,tree,mnarF2,0,3
0.7456218856285977,0.7473552608424269,0.6788640449634322,0.6729748127978217,LDA,tree,mnarF2,0,3
0.7468666676401696,0.746811542288498,0.6788884816114223,0.6706044579427832,SVC,tree,mnarF2,0,3
0.7386395536647743,0.7463150275781972,0.6765163812815277,0.6854008483007802,RF,tree,mnarF2,0,3
0.7106616835234172,0.7170880747523143,0.6511022673718385,0.6641130369517028,GB,complete_case,mnarF4,0,3
0.7097488742257484,0.7156209891118162,0.6540381560803616,0.6575867064634934,GB,mean,mnarF4,0,3
0.7237625714127768,0.7236374673386023,0.6528407603288475,0.6540399015552181,LDA,mean,mnarF4,0,3
0.7209303688577984,0.7217499304764895,0.6475380077149988,0.6552530065804403,SVC,mean,mnarF4,0,3
0.7430509818299142,0.7485233087161249,0.6836204639472168,0.6918870328672916,RF,mean,mnarF4,0,3
0.7157194917201831,0.7194054573882098,0.6593705817667697,0.6593618543924875,GB,median,mnarF4,0,3
0.7199384577239192,0.7218186565589242,0.6487301670419438,0.6546543087046831,LDA,median,mnarF4,0,3
0.7196454899469177,0.717900665145916,0.6481122689427659,0.6493079192194237,SVC,median,mnarF4,0,3
0.7418479478234186,0.7379426165435806,0.6759107015063448,0.6765268541306663,RF,median,mnarF4,0,3
0.7150532491233382,0.7124444863646751,0.667045434710513,0.6540608472534954,GB,knn,mnarF4,0,3
0.7301432536963188,0.7349930014572246,0.6576006702623449,0.6682567942608786,LDA,knn,mnarF4,0,3
0.7282828947031851,0.7316526288529299,0.6670471801853695,0.6670628894590773,SVC,knn,mnarF4,0,3
0.7355765704304329,0.74509615490161,0.6770941334590075,0.6913022987903858,RF,knn,mnarF4,0,3
0.6971077338007736,0.6983176403161758,0.646361557661762,0.632163865179522,GB,mice,mnarF4,0,3
0.7212611850402194,0.7207163578849297,0.6493166465937058,0.6528721788762633,LDA,mice,mnarF4,0,3
0.7141190160547033,0.7199237940868336,0.6428112618037737,0.6552425337313016,SVC,mice,mnarF4,0,3
0.7270213220001691,0.7348258554645083,0.6771150791572847,0.6782862927859524,RF,mice,mnarF4,0,3
0.7162885588515089,0.6924287131328584,0.6558237768584944,0.6386517952208899,GB,tree,mnarF4,0,3
0.710726337780603,0.7136163656679867,0.644005166605575,0.6498926532963293,LDA,tree,mnarF4,0,3
0.715344355572562,0.7092450990954021,0.6522891902742141,0.6410378593496361,SVC,tree,mnarF4,0,3
0.7270017457739664,0.7206757234480662,0.6712031558185404,0.6676354052119879,RF,tree,mnarF4,0,3
0.7140067475677451,0.7082264992032922,0.6605679775182839,0.6599675341676703,GB,complete_case,mnarF8,0,3
0.7138062377402571,0.7199635370979388,0.6510917945226999,0.6629348414236094,GB,mean,mnarF8,0,3
0.7096629848138004,0.7102160142284415,0.6380880068422614,0.6463580667120491,LDA,mean,mnarF8,0,3
0.706701766292032,0.7056535889205824,0.636897592990173,0.6351154631617532,SVC,mean,mnarF8,0,3
0.7404656159241645,0.7426646130223805,0.6865650800300223,0.6853711752282209,RF,mean,mnarF8,0,3
0.7144083408941236,0.7094441492892658,0.649337592291983,0.6510970309472692,GB,median,mnarF8,0,3
0.7063003265655505,0.7039769976144706,0.6392365292977955,0.6386779773437363,LDA,median,mnarF8,0,3
0.7047058729597476,0.6997297185677367,0.6374962908659301,0.6327695449547048,SVC,median,mnarF8,0,3
0.7365091661763141,0.7408627788185816,0.6634951388525249,0.6741320626276378,RF,median,mnarF8,0,3
0.712590798151755,0.7120365046732862,0.6516765285996055,0.6575849609886371,GB,knn,mnarF8,0,3
0.7031779993838123,0.7045472649855761,0.6445881552076242,0.6481279782164738,LDA,knn,mnarF8,0,3
0.7032012314614112,0.7005191465438385,0.636323331762406,0.6392609659457855,SVC,knn,mnarF8,0,3
0.7134840759248886,0.718515213740776,0.6446160828053272,0.6617583913703723,RF,knn,mnarF8,0,3
0.7133943009446406,0.6922416705519867,0.6641112914768462,0.6309874151262851,GB,mice,mnarF8,0,3
0.6957283647528939,0.6973265402692241,0.6333612609310363,0.6374927999162173,LDA,mice,mnarF8,0,3
0.6953662853415731,0.6944401582995325,0.6256532439650206,0.6227103733570718,SVC,mice,mnarF8,0,3
0.7114285477118532,0.7127518537905798,0.6416068841528337,0.6540503744043566,RF,mice,mnarF8,0,3
0.707485258631681,0.648691571132994,0.6510917945226999,0.6025867937372362,GB,tree,mnarF8,0,3
0.6854206266756606,0.6775085369010033,0.6280375626189104,0.6203609642003107,LDA,tree,mnarF8,0,3
0.6761988962462867,0.6762538496207088,0.6114782426559146,0.6174303119163569,SVC,tree,mnarF8,0,3
0.700977262645692,0.6924261647652811,0.635721142936936,0.6363076224886981,RF,tree,mnarF8,0,3
0.7370497833036985,0.719548939808062,0.6806601385907036,0.6658759665567018,GB,complete_case,mnarD2,0,3
0.7306597079580441,0.7247231551211943,0.6664607006336073,0.6611509661203331,GB,mean,mnarD2,0,3
0.7445270397159913,0.7446033231120486,0.6729887765966731,0.6700284512401599,LDA,mean,mnarD2,0,3
0.7456094041779272,0.740775160445461,0.6753521495522856,0.6718053446440104,SVC,mean,mnarD2,0,3
0.7402470491063218,0.7437105831248125,0.6818330976942277,0.680047476916095,RF,mean,mnarD2,0,3
0.715658359457733,0.7236286799840881,0.654043392504931,0.6617461730463773,GB,median,mnarD2,0,3
0.7430273568743242,0.7452639782487644,0.672980049222391,0.6729556125744008,LDA,median,mnarD2,0,3
0.7426498483098571,0.7440616461826239,0.6670611439842209,0.6711961739191147,SVC,median,mnarD2,0,3
0.7430262270396714,0.7417624226058918,0.6889354348850605,0.6783002565848039,RF,median,mnarD2,0,3
0.7294032625363219,0.7203615155494503,0.6712171196173919,0.6629226230996142,GB,knn,mnarD2,0,3
0.7453005849411903,0.7463467385688026,0.6765041629575326,0.6735525649753015,LDA,knn,mnarD2,0,3
0.7437926146586602,0.7447205187161661,0.6676423871114137,0.6741669721247666,SVC,knn,mnarD2,0,3
0.7438170593931689,0.7498584527898484,0.6818365886439406,0.6865895166780123,RF,knn,mnarD2,0,3
0.7297259484787452,0.7273622149318768,0.6629418233230351,0.6646907891291827,GB,mice,mnarD2,0,3
0.74782945911429,0.7440562544164626,0.6765006720078197,0.670614930791922,LDA,mice,mnarD2,0,3
0.7472641794559379,0.7461805894232774,0.6794662337889023,0.6776788675359132,SVC,mice,mnarD2,0,3
0.7375839646326365,0.7475993737942036,0.675931647204622,0.6877572393569671,RF,mice,mnarD2,0,3
0.7356432736382296,0.7322411695207937,0.6788727723377146,0.6812431271927528,GB,tree,mnarD2,0,3
0.7480513038060937,0.7474243408130647,0.6729608489989702,0.6711944284442584,LDA,tree,mnarD2,0,3
0.7442853837417153,0.7443574006119261,0.6753120036305877,0.6765390724546613,SVC,tree,mnarD2,0,3
0.7406351400456066,0.7447282930812199,0.6830339843954547,0.6788762632874273,RF,tree,mnarD2,0,3
0.8974846336775313,0.9020633380910809,0.7983348169869612,0.8078162364071145,GB,complete_case,mnarD4,0,3
0.8988349625352839,0.8792750549246909,0.8000994920668167,0.7894800230402681,GB,mean,mnarD4,0,3
0.7701485970356735,0.767395015773977,0.6942643696217556,0.6954565289487005,LDA,mean,mnarD4,0,3
0.770666196156779,0.7693302999774951,0.6984151088303573,0.6966207606779424,SVC,mean,mnarD4,0,3
0.7790426108466014,0.7823338476260211,0.698397654081793,0.697823392854026,RF,mean,mnarD4,0,3
0.9058057170154962,0.8385335915897685,0.8054319177532248,0.7528163236808574,GB,median,mnarD4,0,3
0.7654519373379968,0.7647171613725737,0.6960360266010369,0.6907193101883367,LDA,median,mnarD4,0,3
0.7641127811654193,0.7639250445911552,0.6907158192386239,0.6859751095285472,SVC,median,mnarD4,0,3
0.7804577876687668,0.7824610906749986,0.6972177130788431,0.700197238658777,RF,median,mnarD4,0,3
0.9069793118694799,0.7941290215296644,0.8101569181895936,0.720888097606954,GB,knn,mnarD4,0,3
0.7620329392185959,0.7632286852390175,0.6960150809027595,0.6907210556631932,LDA,knn,mnarD4,0,3
0.7635458430751927,0.762293869558646,0.6889511441587685,0.6895306418111047,SVC,knn,mnarD4,0,3
0.7625114780224003,0.7565586329177022,0.6942608786720428,0.6895306418111048,RF,knn,mnarD4,0,3
0.8987700557136753,0.8103656939136741,0.8030737812221815,0.7386291040477562,GB,mice,mnarD4,0,3
0.7639225882345111,0.7638665651243448,0.6871393412577891,0.6913406992372275,LDA,mice,mnarD4,0,3
0.7628362351420969,0.7606651178532153,0.6847969140004538,0.6818505524427921,SVC,mice,mnarD4,0,3
0.7602949827046764,0.7577690584691357,0.693676144595137,0.6830444572445934,RF,mice,mnarD4,0,3
0.9050236995825411,0.7664668186722045,0.8054214449040862,0.6960499903998884,GB,tree,mnarD4,0,3
0.7638340290154553,0.7587345951223428,0.6859681276291216,0.6871620324309229,LDA,tree,mnarD4,0,3
0.7642125155530761,0.7571316275872271,0.6871567960063536,0.6824440138939799,SVC,tree,mnarD4,0,3
0.7562882997060071,0.7587635772003017,0.6978111745300308,0.6978076835803181,RF,tree,mnarD4,0,3
0.982209839115221,0.9820563931903068,0.9178073344853466,0.9154439615297342,GB,complete_case,mnarD8,0,3
0.9804123964777668,0.9803009514948661,0.913672304550453,0.9177986071110645,GB,mean,mnarD8,0,3
0.8514890917748584,0.8515250120483412,0.7770662058613045,0.775879282958929,LDA,mean,mnarD8,0,3
0.8493016941385733,0.8482843872422036,0.7799881307709763,0.7805833376970205,SVC,mean,mnarD8,0,3
0.9024877033162231,0.907261948470202,0.8012916513937617,0.8054319177532248,RF,mean,mnarD8,0,3
0.9826382728129872,0.9655019431069952,0.9207554415178649,0.8970937843640362,GB,median,mnarD8,0,3
0.8551924806629276,0.856581225388938,0.7805973014958719,0.784163306627568,LDA,median,mnarD8,0,3
0.8549304191223402,0.855491994254147,0.7829641654011974,0.7794173604929221,SVC,median,mnarD8,0,3
0.9024216927359344,0.9043273520266768,0.8178736625298914,0.8172557644307135,RF,median,mnarD8,0,3
0.9800864453268554,0.9307316873285225,0.9148382817545514,0.8409156761096857,GB,knn,mnarD8,0,3
0.8739099868343654,0.8804761765690049,0.7906460002443664,0.7965806147562445,LDA,knn,mnarD8,0,3
0.8734715700124722,0.8785262091093357,0.7841388699795779,0.7930233369988307,SVC,knn,mnarD8,0,3
0.8450029418664247,0.8479385126821363,0.7587491927178789,0.7539857918346685,RF,knn,mnarD8,0,3
0.9785712231920994,0.9409702067357764,0.9148505000785464,0.8533312387635057,GB,mice,mnarD8,0,3
0.832624817610987,0.8317912559266339,0.759882005899705,0.7604737218760363,LDA,mice,mnarD8,0,3
0.8319742397202431,0.8328410532368553,0.7640362360580195,0.7646384248834897,SVC,mice,mnarD8,0,3
0.8272873015177657,0.8257177560537606,0.7439318566616049,0.7539718280358171,RF,mice,mnarD8,0,3
0.980475542053665,0.8986324023913008,0.9095180743921384,0.8154928348257144,GB,tree,mnarD8,0,3
0.8379494590030326,0.8440840484234293,0.7634776841039604,0.7675917683405771,LDA,tree,mnarD8,0,3
0.8437475717681551,0.8434612983142454,0.7664048454382015,0.7670105252133843,SVC,tree,mnarD8,0,3
0.8242300246996581,0.8237646833182366,0.749245082124592,0.7462987205669303,RF,tree,mnarD8,0,3
0.7225850138801162,0.7195077479662355,0.6575989247874885,0.652264753626224,GB,complete_case,mar2,0,3
0.71507613935735,0.7133946930776041,0.6587928295892898,0.6451868530833813,GB,mean,mar2,0,3
0.7427982128968583,0.741099115915249,0.6747604335759543,0.6747359969279643,LDA,mean,mar2,0,3
0.7397270454080038,0.740745852790355,0.6759194288806271,0.6664676825330332,SVC,mean,mar2,0,3
0.7316132694069684,0.737238083367319,0.6759089560314884,0.6735455830758759,RF,mean,mar2,0,3
0.7094006907003694,0.7110443911401891,0.645178125709099,0.6504896056972299,GB,median,mar2,0,3
0.7387212121880389,0.7379098317195784,0.6759281562549091,0.6682375940374579,LDA,median,mar2,0,3
0.7391956697295753,0.738803617974183,0.6723761149220646,0.6706131853170656,SVC,median,mar2,0,3
0.7272214391980084,0.725797738016141,0.6611544570700458,0.6735525649753015,RF,median,mar2,0,3
0.7187392844514635,0.7177553884507877,0.6570264090345779,0.6564434204325287,GB,knn,mar2,0,3
0.742311435078998,0.7420096739872601,0.6794767066380409,0.6765355815049484,LDA,knn,mar2,0,3
0.7429002099339324,0.741524418012845,0.6777033041839032,0.677710286083329,SVC,knn,mar2,0,3
0.7263804858445464,0.7285077552675079,0.6682306121380321,0.6723796058717774,RF,knn,mar2,0,3
0.7103875512908177,0.7134976276079884,0.6368853746661779,0.6558272678082073,GB,mice,mar2,0,3
0.7418412289144095,0.7430535061082595,0.6723656420729259,0.6711944284442584,LDA,mice,mar2,0,3
0.7412013394407733,0.7437453689693042,0.6741652266499101,0.6706236581662041,SVC,mice,mar2,0,3
0.727678043886806,0.7267425838815621,0.6623535982964166,0.6705939850936448,RF,mice,mar2,0,3
0.7187986416851893,0.7054018153446621,0.6540591017786388,0.6505035694960813,GB,tree,mar2,0,3
0.7435503567019249,0.7428207859973714,0.6706027124679269,0.6771098427327155,LDA,tree,mar2,0,3
0.7408357230099897,0.7405478703454947,0.6741407900019201,0.6747517062016722,SVC,tree,mar2,0,3
0.7270972713754311,0.7226788071677832,0.666443245885043,0.6658916758304096,RF,tree,mar2,0,3
0.7023935063476616,0.7023196793082487,0.6463545757623361,0.6475449896144246,GB,complete_case,mar4,0,3
0.7183760862567355,0.6969319208997036,0.6599849889162346,0.6439999301810058,GB,mean,mar4,0,3
0.7372418301121062,0.7357586295203754,0.6723778603969209,0.6729660854235394,LDA,mean,mar4,0,3
0.736698037552083,0.7354575498807285,0.6729730673229652,0.6711926829694017,SVC,mean,mar4,0,3
0.7177497089797257,0.7282936511661647,0.6499083625700373,0.6771150791572847,RF,mean,mar4,0,3
0.7040076915179628,0.7080982296301827,0.6493306103925572,0.6410465867239182,GB,median,mar4,0,3
0.7375160462845043,0.7378154359527666,0.6747639245256672,0.6765408179295177,LDA,median,mar4,0,3
0.7349187827815333,0.7339104504899974,0.6706009669930705,0.6711769736956941,SVC,median,mar4,0,3
0.714506309317561,0.7236571638867941,0.657022918084865,0.6664729189576024,RF,median,mar4,0,3
0.7079248082683383,0.6970619997728161,0.6576093976366271,0.6493149011188495,GB,knn,mar4,0,3
0.7351112011104689,0.7338898276239121,0.6765303450803792,0.6652807596306576,LDA,knn,mar4,0,3
0.7346330902009622,0.7343175446049381,0.6794470335654816,0.6770976244087203,SVC,knn,mar4,0,3
0.7186571016769732,0.7066146003991263,0.6575744881394984,0.653469131277164,RF,knn,mar4,0,3
0.7077400898016771,0.6996355773520888,0.6475449896144246,0.6392801661692064,GB,mice,mar4,0,3
0.7381815711712388,0.7391404668950126,0.6753399312282906,0.6759141924560577,LDA,mice,mar4,0,3
0.7365788494952958,0.7364995137203574,0.6771307884309927,0.6747674154753801,SVC,mice,mar4,0,3
0.7225405809190335,0.7215642381343272,0.6623431254472779,0.6546316175315494,RF,mice,mar4,0,3
0.7053505777963736,0.7009207378834763,0.6392714387949241,0.6369028294147423,GB,tree,mar4,0,3
0.7373018373825844,0.7346106097322385,0.6706096943673526,0.6641147824265591,LDA,tree,mar4,0,3
0.7379684683872537,0.7339016464965292,0.6812623274161737,0.6735630378244402,SVC,tree,mar4,0,3
0.7135776402406797,0.7159997564007449,0.6552268244575937,0.6593688362919131,RF,tree,mar4,0,3
0.6966695943775633,0.6767378535759123,0.6321603742298092,0.6168001954931839,GB,complete_case,mar8,0,3
0.6745981891255048,0.6675616976143763,0.6274441011677226,0.6156062906913826,GB,mean,mar8,0,3
0.727889109268111,0.7281027002936452,0.666486882756454,0.6670646349339338,LDA,mean,mar8,0,3
0.7264731213590181,0.7298722642393065,0.6635352847742227,0.6676546054354088,SVC,mean,mar8,0,3
0.7111325250725447,0.7075614367304763,0.654043392504931,0.6434047232549615,RF,mean,mar8,0,3
0.6719328688234031,0.6727233636793089,0.6096978583023512,0.6197343387268507,GB,median,mar8,0,3
0.7271074891833139,0.7288183901369842,0.6640955822031384,0.6712014103436841,LDA,median,mar8,0,3
0.7263962474042611,0.7286829540173315,0.6664781553821717,0.6688450192874972,SVC,median,mar8,0,3
0.7064856341008561,0.7012928338210036,0.6422230367771553,0.6469515281632368,RF,median,mar8,0,3
0.6758114791846437,0.6772984480027965,0.6203452549266028,0.6286153147963904,GB,knn,mar8,0,3
0.7239432009185498,0.726306886783639,0.6676528599605522,0.6629208776247578,LDA,knn,mar8,0,3
0.7267341480559966,0.7231226086780739,0.6652755232060883,0.6711979193939712,SVC,knn,mar8,0,3
0.7045075104265398,0.7108440269656354,0.6445846642579113,0.6493393377668395,RF,knn,mar8,0,3
0.6853896403487585,0.6801905505442501,0.6298109650730481,0.6191583320242272,GB,mice,mar8,0,3
0.7298063692624975,0.7294806465867769,0.6723865877712032,0.6699987781676005,LDA,mice,mar8,0,3
0.724984033805984,0.7285796199037057,0.6717948717948719,0.670614930791922,SVC,mice,mar8,0,3
0.7027370709490467,0.7032988756735857,0.6422090729783037,0.6469410553140982,RF,mice,mar8,0,3
0.677780676680933,0.6719653550154302,0.6227121188319282,0.6215286868792655,GB,tree,mar8,0,3
0.72587219634244,0.7273888881686953,0.6623012340507236,0.6634933933776684,LDA,tree,mar8,0,3
0.7274626004738277,0.7263584834353252,0.6646820617549004,0.6635003752770942,SVC,tree,mar8,0,3
0.7060080930134423,0.7055982713517392,0.6522664991010805,0.6534464401040303,RF,tree,mar8,0,3
0.6926083763375794,0.6853253769828231,0.6333385697579026,0.6262711420641986,GB,complete_case,mcar2,0,3
0.7000333142904228,0.6814212415967695,0.6374805815922222,0.6173692202963816,GB,mean,mcar2,0,3
0.7212250474669626,0.719910960486358,0.6493201375434187,0.656405019985687,LDA,mean,mcar2,0,3
0.7219830365117758,0.7206909638608374,0.6575919428880627,0.651662564800754,SVC,mean,mcar2,0,3
0.7090603411422676,0.7024203682006839,0.6410483321987747,0.6422422370005761,RF,mean,mcar2,0,3
0.7038738177215988,0.6777235679410964,0.6404548707475868,0.6303974446248102,GB,median,mcar2,0,3
0.7173791978404922,0.7147115413795639,0.6546368539561188,0.6546438358555446,LDA,median,mcar2,0,3
0.7156736551267324,0.7155756047502375,0.6499031261454679,0.6522717355256498,SVC,median,mcar2,0,3
0.7068525760602602,0.7050062437054464,0.6386570316454592,0.6422212913022988,RF,median,mcar2,0,3
0.6809537412489657,0.6654354508662363,0.6333455516573284,0.6179696636469951,GB,knn,mcar2,0,3
0.7005702718412721,0.6988539356614856,0.6404251976750275,0.6386867047180186,LDA,knn,mcar2,0,3
0.6976098512442734,0.6993987513930158,0.6386570316454592,0.6398561728718297,SVC,knn,mcar2,0,3
0.6902001743166369,0.6841948100916697,0.6339669407062191,0.6339599588067933,RF,knn,mcar2,0,3
0.6993324354755017,0.6853936780269001,0.6357124155626538,0.6239007872091603,GB,mice,mcar2,0,3
0.7233774638131306,0.724684372699261,0.6564085109353999,0.6546577996543961,LDA,mice,mcar2,0,3
0.7259605725330006,0.7222354067307897,0.6552425337313016,0.6469724738615141,SVC,mice,mcar2,0,3
0.7069084263239778,0.7041846179872459,0.6475222984412909,0.635118954111466,RF,mice,mcar2,0,3
0.6912198595900748,0.667368688726741,0.6221204028555969,0.6126861112565674,GB,tree,mcar2,0,3
0.7137592900620195,0.7180434214120096,0.6569914995374492,0.6605575046691452,LDA,tree,mcar2,0,3
0.7201890063499711,0.7181218579383978,0.6593862910404776,0.6599430975196802,SVC,tree,mcar2,0,3
0.6909949426519819,0.7044304667296164,0.6297987467490531,0.6528774153008325,RF,tree,mcar2,0,3
0.6273437473070349,0.625085495788929,0.590190431306837,0.5966678884990662,GB,complete_case,mcar4,0,3
0.6272832361494242,0.6050321391332456,0.6008273550819501,0.574196645197326,GB,mean,mcar4,0,3
0.6721004230913519,0.6737822475968757,0.6221134209561712,0.6197587753748407,LDA,mean,mcar4,0,3
0.6693777762529542,0.6707254417605066,0.6250754917875407,0.62565848038959,SVC,mean,mcar4,0,3
0.6784502702886342,0.6742766458073784,0.6227156097816412,0.6179958457698417,RF,mean,mcar4,0,3
0.637928673348374,0.6234589246556868,0.5943080064931665,0.5860606377965125,GB,median,mcar4,0,3
0.6676740655625453,0.6757738008939042,0.6138520884606657,0.6238938053097345,LDA,median,mcar4,0,3
0.6653976495217393,0.6737117115935811,0.6215129776055576,0.6209387163777905,SVC,median,mcar4,0,3
0.6758100405359689,0.6768509377441363,0.6091096332757326,0.6114887155050532,RF,median,mcar4,0,3
0.6187588297590129,0.630981513650126,0.5818872074147772,0.593719781466548,GB,knn,mcar4,0,3
0.6392503982297744,0.6298615213109986,0.5966783613482047,0.5878061126529472,LDA,knn,mcar4,0,3
0.6329608442694722,0.6192012971728629,0.5990609345272382,0.5842942172418006,SVC,knn,mcar4,0,3
0.6593543861052912,0.6383659505260815,0.5937354907402559,0.5872196331011852,RF,knn,mcar4,0,3
0.6411552584782052,0.6402332212662522,0.6073571765198722,0.594924159117488,GB,mice,mcar4,0,3
0.6613500905730291,0.6693876001894755,0.6079384196470649,0.6233212895568239,LDA,mice,mcar4,0,3
0.6531624100496899,0.6645575627597757,0.6037719711647554,0.6173796931455202,SVC,mice,mcar4,0,3
0.6580462865405712,0.6725038490619379,0.6203417639768899,0.6214990138067061,RF,mice,mcar4,0,3
0.6372533063961083,0.6264844126277842,0.6002391300553316,0.5842610532195284,GB,tree,mcar4,0,3
0.6490123552677961,0.6538084530804094,0.597875757099719,0.6138189244383934,LDA,tree,mcar4,0,3
0.6530122920397703,0.6511228510107818,0.6067410238955508,0.6114660243319194,SVC,tree,mcar4,0,3
0.6468184596232434,0.6580553228585405,0.5996474140790002,0.6185701069976087,RF,tree,mcar4,0,3
0.544011451052394,0.5418065831351436,0.5422911102965562,0.5416836850465169,GB,complete_case,mcar8,0,3
0.5304810922624046,0.5387408911039062,0.5375748372344696,0.541708121694507,GB,mean,mcar8,0,3
0.5905557099004807,0.5970617206357351,0.5742175908956031,0.5795430346825855,LDA,mean,mcar8,0,3
0.5910540537781925,0.5877925260996897,0.5730498682166483,0.5718454905657084,SVC,mean,mcar8,0,3
0.5886201460631961,0.5814550122167175,0.54642614023145,0.5487860222373497,RF,mean,mcar8,0,3
0.550575807770312,0.5392645211008511,0.5469986559843605,0.5340245413764816,GB,median,mcar8,0,3
0.5694066714110037,0.5703848857055341,0.5670960534813496,0.5594404007610271,LDA,median,mcar8,0,3
0.554805632430007,0.5663045205753582,0.5588364664607006,0.5541132114991884,SVC,median,mcar8,0,3
0.5677176059803282,0.5735234009754002,0.5505559337417745,0.5446422649281738,RF,median,mcar8,0,3
0.5327663069573129,0.5308099143779289,0.540503744043567,0.5357996893054755,GB,knn,mcar8,0,3
0.5372258377179461,0.5343397972193277,0.5487755493882112,0.5493637744148295,LDA,knn,mcar8,0,3
0.5263308980361415,0.5334559984348456,0.5422788919725611,0.542868862474036,SVC,knn,mcar8,0,3
0.5520808712027238,0.5583164419389657,0.5464156673823114,0.5476060812343999,RF,knn,mcar8,0,3
0.5485581248584136,0.5430480333824108,0.549955490391161,0.5440435670524166,GB,mice,mcar8,0,3
0.5778804931458188,0.5725410184986925,0.5659527674503849,0.5558761411041874,LDA,mice,mcar8,0,3
0.5862165092000751,0.5735691056989312,0.5742298092195981,0.5641514373985442,SVC,mice,mcar8,0,3
0.5609174199021858,0.5731869625648864,0.5582482414340821,0.5724249882180448,RF,mice,mcar8,0,3
0.5444363827470038,0.5265285917827308,0.548791258661919,0.5381456075125237,GB,tree,mcar8,0,3
0.5496921731402877,0.5461108384309378,0.5428828262728875,0.5346022935539614,LDA,tree,mcar8,0,3
0.5440355034055966,0.5270280381774097,0.548201288160444,0.5363669686338168,SVC,tree,mcar8,0,3
0.5702443190761338,0.5505870645194568,0.5582499869089386,0.5440610218009809,RF,tree,mcar8,0,3
0.7822427246421471,0.7811765064226115,0.7007575360876926,0.7108167076853259,GB,complete_case,mnarY2,1,1
0.7757762263318949,0.7519242225274849,0.6983924176572236,0.6889441622593426,GB,mean,mnarY2,1,1
0.7423471099899933,0.739928277912454,0.6700075055418827,0.6670663804087902,LDA,mean,mnarY2,1,1
0.7408418707310217,0.7389638915821644,0.6741512628510586,0.6711961739191148,SVC,mean,mnarY2,1,1
0.7473936192193728,0.7422513463521477,0.6836344277460683,0.6777085406084726,RF,mean,mnarY2,1,1
0.7783472439956596,0.7371654950607885,0.6960185718524725,0.6718018536942976,GB,median,mnarY2,1,1
0.7437950436976186,0.7442116098476186,0.6747412333525336,0.6658724756069889,LDA,median,mnarY2,1,1
0.7401343471373574,0.7412375589670874,0.6652650503569497,0.672390078720916,SVC,median,mnarY2,1,1
0.7476199251376203,0.7464631987063138,0.6842383620463948,0.6812693093155994,RF,median,mnarY2,1,1
0.7785290792047493,0.7353272939393429,0.7090590145048961,0.6711944284442583,GB,knn,mnarY2,1,1
0.7475469527692609,0.7471490801116966,0.6706027124679268,0.6764867082089683,LDA,knn,mnarY2,1,1
0.7460253392893834,0.7431141074142336,0.6812693093155993,0.6782828018362395,SVC,knn,mnarY2,1,1
0.7450669869392158,0.7494699231533628,0.6877467665078284,0.6936848719694193,RF,knn,mnarY2,1,1
0.7764501293045409,0.7238982563717136,0.7031331273673003,0.6712153741425355,GB,mice,mnarY2,1,1
0.743216370922916,0.7431851058314468,0.6706131853170655,0.6700214693407343,LDA,mice,mnarY2,1,1
0.7430200208339572,0.7423680678702442,0.673566528774153,0.6741530083259151,SVC,mice,mnarY2,1,1
0.7467107679662088,0.7446939105451086,0.6859890733273988,0.6853868845019288,RF,mice,mnarY2,1,1
0.7844742423278404,0.7220833445708358,0.7132027718140721,0.6516817650241749,GB,tree,mnarY2,1,1
0.7411891033525904,0.7419134548890886,0.6658672391824195,0.6717826534708767,LDA,tree,mnarY2,1,1
0.7392377235685619,0.7399173925596656,0.6694088076661255,0.6765443088792307,SVC,tree,mnarY2,1,1
0.7397550938419629,0.7451877816484456,0.6859803459531164,0.6901206123125796,RF,tree,mnarY2,1,1
0.8307604548384763,0.8334593244872707,0.7575692517149292,0.7569600809900334,GB,complete_case,mnarY4,1,1
0.8257531066293218,0.8292557177282394,0.7474681887207415,0.7463022115166431,GB,mean,mnarY4,1,1
0.7461271021393869,0.746493928246969,0.6818627707667871,0.6859855823776858,LDA,mean,mnarY4,1,1
0.7439703787875288,0.7465765341972477,0.6794906704368924,0.6842051980241225,SVC,mean,mnarY4,1,1
0.7820424756985591,0.7871679520382893,0.7096507304812274,0.7179225358258714,RF,mean,mnarY4,1,1
0.8296624812991814,0.7749522606055577,0.7510464121764325,0.7078546368539561,GB,median,mnarY4,1,1
0.7499393162442831,0.7477444578996464,0.6806758478644115,0.6723726239723516,LDA,median,mnarY4,1,1
0.7491464370510865,0.748871590585173,0.6806671204901293,0.6818330976942277,SVC,median,mnarY4,1,1
0.7647108365832688,0.764099258786746,0.6984046359812186,0.6960203173273289,RF,median,mnarY4,1,1
0.8273251505440417,0.75096703440742,0.7474751706201672,0.6842104344486918,GB,knn,mnarY4,1,1
0.7414884892957139,0.7365231693462585,0.6770906425092947,0.6729748127978217,LDA,knn,mnarY4,1,1
0.7395792120258214,0.7358622137149982,0.677694576809621,0.6759299017297655,SVC,knn,mnarY4,1,1
0.7524945773151849,0.7509656907497895,0.6824300500951284,0.6771098427327155,RF,knn,mnarY4,1,1
0.8378276926533852,0.7928793228313222,0.7587369743938839,0.7108219441098951,GB,mice,mnarY4,1,1
0.7459073107441899,0.7454902421971127,0.6848196051735874,0.684781204726746,LDA,mice,mnarY4,1,1
0.7412639024049349,0.7451605830428595,0.6835995182489396,0.6783107294339425,SVC,mice,mnarY4,1,1
0.7653533557566832,0.7569509248203875,0.6978111745300308,0.6901118849382974,RF,mice,mnarY4,1,1
0.8280700007753256,0.758402040293388,0.7456947862666038,0.6806775933392679,GB,tree,mnarY4,1,1
0.7416456370154048,0.7390763614749702,0.6712206105671048,0.6723708784974953,LDA,tree,mnarY4,1,1
0.7387258708468487,0.7395106252635847,0.6700075055418827,0.6682498123614529,SVC,tree,mnarY4,1,1
0.7541554361176661,0.7510393461844668,0.6913110261646681,0.6895184234871097,RF,tree,mnarY4,1,1
0.9359310143002124,0.9368670123396967,0.8805362098758968,0.8834930442826971,GB,complete_case,mnarY8,1,1
0.9371667178997448,0.9305183210530401,0.8823253216037422,0.8764046708907157,GB,mean,mnarY8,1,1
0.6857981080466131,0.685414501926319,0.6381019706411128,0.6440016756558622,LDA,mean,mnarY8,1,1
0.6803289290270131,0.6777069301045219,0.6362919132149901,0.6327328899827198,SVC,mean,mnarY8,1,1
0.9241317153018329,0.9235030618407343,0.8705084568256793,0.8699184863242044,RF,mean,mnarY8,1,1
0.934429874184176,0.9250801088654482,0.8834912988078406,0.8705136932502487,GB,median,mnarY8,1,1
0.6958282466560545,0.6916649459008,0.6552250789827372,0.6487615855893596,LDA,median,mnarY8,1,1
0.6902992851160284,0.6941288464481322,0.6185613796233265,0.6303904627253843,SVC,median,mnarY8,1,1
0.9001059799556728,0.8979258726647167,0.8119495208671518,0.8090049047843465,RF,median,mnarY8,1,1
0.9351460482955826,0.9170385562314944,0.8829170375800738,0.8444764448168124,GB,knn,mnarY8,1,1
0.7950358221781564,0.7946653946062072,0.7256008797193276,0.7344609100905901,LDA,knn,mnarY8,1,1
0.8003368866689048,0.796360613221452,0.7409767677296608,0.7291686303258802,SVC,knn,mnarY8,1,1
0.8355212370918347,0.830861961895603,0.7457052591157425,0.757516887469236,RF,knn,mnarY8,1,1
0.9332466987694177,0.9311220707183365,0.885275174111117,0.8770173325653243,GB,mice,mnarY8,1,1
0.6802164961372543,0.6794833428423714,0.6422265277268681,0.6440156394547136,LDA,mice,mnarY8,1,1
0.6781793678757028,0.6798409174431223,0.6422195458274425,0.641013422701646,SVC,mice,mnarY8,1,1
0.8957456546129613,0.8931989983647632,0.8225934265416907,0.8225864446422648,RF,mice,mnarY8,1,1
0.9328078528115139,0.9196742229372502,0.8834912988078407,0.8515770365327888,GB,tree,mnarY8,1,1
0.7122654052750055,0.7026938571017812,0.6623291616484265,0.6517079471470214,LDA,tree,mnarY8,1,1
0.708768641650918,0.7063142526251179,0.6664676825330331,0.6587945750641463,SVC,tree,mnarY8,1,1
0.8615634734874658,0.8646271769153435,0.7788326264160166,0.776450053236983,RF,tree,mnarY8,1,1
0.7227944952081551,0.7259320486471363,0.6593862910404776,0.658199368138102,GB,complete_case,mnarF2,1,1
0.7360566721783823,0.7303209547461673,0.6694297533644028,0.664118273376272,GB,mean,mnarF2,1,1
0.7460616246264866,0.7466669875253042,0.6753643678762807,0.6717931263200153,LDA,mean,mnarF2,1,1
0.7442283473937462,0.7428040981197634,0.6782915292105216,0.6688362919132149,SVC,mean,mnarF2,1,1
0.7505016941435402,0.7450920259575631,0.6954512925241312,0.6859716185788344,RF,mean,mnarF2,1,1
0.7305606704197193,0.7250891587180892,0.6765251086558098,0.6641095460019899,GB,median,mnarF2,1,1
0.7452633760179624,0.7440347370203367,0.6723761149220645,0.6771569705538392,LDA,median,mnarF2,1,1
0.7416356198683416,0.7425588369559813,0.6711909374945454,0.6688345464383586,SVC,median,mnarF2,1,1
0.748342096846958,0.7452592512957399,0.6806601385907036,0.6860012916513938,RF,median,mnarF2,1,1
0.7324720528898213,0.7174212696843172,0.6676772966085424,0.6635265573999407,GB,knn,mnarF2,1,1
0.7467367938980436,0.7455045780219681,0.6777120315581854,0.6806357019427136,LDA,knn,mnarF2,1,1
0.7441097027105651,0.7458678520853602,0.6800719135640851,0.678284547311096,SVC,knn,mnarF2,1,1
0.739857675725857,0.743399243086527,0.6759299017297656,0.6842017070744095,RF,knn,mnarF2,1,1
0.7250634202428123,0.7184056360458752,0.6729765582726781,0.6605592501440016,GB,mice,mnarF2,1,1
0.7456752013077521,0.7428285606107679,0.6735839835227173,0.6711944284442584,LDA,mice,mnarF2,1,1
0.7400089651678148,0.7425370414161448,0.6700144874413084,0.6723830968214902,SVC,mice,mnarF2,1,1
0.7340368787269085,0.7420382585928897,0.6670541620847952,0.6806636295404165,RF,mice,mnarF2,1,1
0.716491690183469,0.7184158771979623,0.6652982143792219,0.660552268244576,GB,tree,mnarF2,1,1
0.7432503739915365,0.7437494055299043,0.6771063517830025,0.6664851372815974,LDA,tree,mnarF2,1,1
0.7425519158960967,0.7427937665709703,0.6747534516765286,0.6718053446440104,SVC,tree,mnarF2,1,1
0.7444424966934424,0.7462433270964572,0.6806583931158472,0.6877415300832591,RF,tree,mnarF2,1,1
0.7064386491712286,0.7077353432295872,0.6440138939798572,0.6522909357490706,GB,complete_case,mnarF4,1,1
0.7118883141744469,0.7174161938099415,0.6516765285996055,0.6552285699324502,GB,mean,mnarF4,1,1
0.7240984696781385,0.7228379516861395,0.6546281265818366,0.6481227417919044,LDA,mean,mnarF4,1,1
0.7243990171195964,0.7256459959697971,0.6558167949590686,0.6504983330715121,SVC,mean,mnarF4,1,1
0.7411355321289015,0.7438867679189244,0.6783054930093732,0.6835977727740833,RF,mean,mnarF4,1,1
0.7116559092103166,0.7127347008914556,0.6487162032430923,0.6463545757623361,GB,median,mnarF4,1,1
0.7221669717058807,0.7216611966725867,0.6451816166588121,0.6522909357490705,LDA,median,mnarF4,1,1
0.7210790294691771,0.7224531776106036,0.6475397531898552,0.6558133040093558,SVC,median,mnarF4,1,1
0.74626120900528,0.746278755030738,0.682452741268262,0.6830252570211727,RF,median,mnarF4,1,1
0.713690475693791,0.7198653496363295,0.6528809062505455,0.6647064984028905,GB,knn,mnarF4,1,1
0.7441928423490884,0.7425538668755526,0.6694314988392593,0.667069871358503,LDA,knn,mnarF4,1,1
0.7383777225861186,0.7431940101553248,0.6759368836291912,0.6729835401721038,SVC,knn,mnarF4,1,1
0.7429288307975815,0.7442941329756405,0.6954443106247055,0.6824300500951284,RF,knn,mnarF4,1,1
0.7146980139098676,0.7146023728290946,0.6469515281632369,0.6587771203155819,GB,mice,mnarF4,1,1
0.7242516925913989,0.7231427137498405,0.6511092492712643,0.6487162032430923,LDA,mice,mnarF4,1,1
0.7261838283074503,0.722345797499359,0.6570194271351522,0.6487301670419436,SVC,mice,mnarF4,1,1
0.7270460713268752,0.7360516343004241,0.665266795831806,0.6806810842889808,RF,mice,mnarF4,1,1
0.7114272780603172,0.6970759618420603,0.6588050479132848,0.6540416470300745,GB,tree,mnarF4,1,1
0.7225017206416954,0.7226104892364097,0.6505035694960815,0.6511022673718385,LDA,tree,mnarF4,1,1
0.7242331918128201,0.7193856441189964,0.6647012619783211,0.6594020003141854,SVC,tree,mnarF4,1,1
0.7277873984458819,0.7274972451355521,0.6682358485626014,0.6652755232060883,RF,tree,mnarF4,1,1
0.7090268316545622,0.6960701221651878,0.6511022673718385,0.6292227400464296,GB,complete_case,mnarF8,1,1
0.7190401308974103,0.7181345239076191,0.662315197849575,0.658785847689864,GB,mean,mnarF8,1,1
0.7117047509975549,0.7072754638952825,0.6510900490478435,0.6522926812239269,LDA,mean,mnarF8,1,1
0.7092890980777936,0.706153720865005,0.6552512611055837,0.6499327992180273,SVC,mean,mnarF8,1,1
0.7456570135650191,0.7436001841609375,0.68776073030668,0.6800736590389416,RF,mean,mnarF8,1,1
0.7197526079325494,0.7042021417860413,0.6670628894590773,0.6434169415789566,GB,median,mnarF8,1,1
0.7113422349999458,0.7093625697389477,0.6558098130596428,0.650486114747517,LDA,median,mnarF8,1,1
0.701892860954916,0.7069230407892289,0.6469742193363703,0.6487214396676616,SVC,median,mnarF8,1,1
0.7325939987911675,0.729395352452038,0.6735508195004452,0.6599465884693931,RF,median,mnarF8,1,1
0.703952522582165,0.7011583422724252,0.644005166605575,0.6511075037964078,GB,knn,mnarF8,1,1
0.7050784519236295,0.701074975897109,0.6469340734146725,0.6445497547607827,LDA,knn,mnarF8,1,1
0.7027691132286789,0.6999257701488919,0.6451676528599605,0.6410221500759282,SVC,knn,mnarF8,1,1
0.7151384054279347,0.71688765606656,0.6534621493777383,0.6546385994309752,RF,knn,mnarF8,1,1
0.7006438401076972,0.6899940689578854,0.6451868530833813,0.6351224450611789,GB,mice,mnarF8,1,1
0.6988831418686399,0.6947015270884408,0.6392382747726519,0.6410326229250667,LDA,mice,mnarF8,1,1
0.6926646438168629,0.6910611052179412,0.633352533556754,0.6410553140982005,SVC,mice,mnarF8,1,1
0.7111656667648614,0.7108385297780407,0.653441203679461,0.6505280061440715,RF,mice,mnarF8,1,1
0.7241433294159773,0.6583665331378181,0.6629365868984658,0.6043793964147947,GB,tree,mnarF8,1,1
0.6836001867685348,0.6812219688879373,0.631580876577473,0.6321830654029429,LDA,tree,mnarF8,1,1
0.6810228870303922,0.6803299698308445,0.6404443978984482,0.627449337592292,SVC,tree,mnarF8,1,1
0.688889163928317,0.6879509136698048,0.6333385697579026,0.626859367090817,RF,tree,mnarF8,1,1
0.718062322270515,0.7331594977360344,0.6534778586514461,0.6712101377179662,GB,complete_case,mnarD2,1,1
0.7313382976522138,0.7349726982080641,0.6735735106735786,0.678300256584804,GB,mean,mnarD2,1,1
0.7436283176522366,0.7439998232794067,0.6718088355937233,0.6682707580597301,LDA,mean,mnarD2,1,1
0.7457364110530933,0.7468925807002933,0.6718035991691539,0.6753451676528599,SVC,mean,mnarD2,1,1
0.7475827502373286,0.7474748210405983,0.6847951685255974,0.689523659911679,RF,mean,mnarD2,1,1
0.7334054311632313,0.716600226826196,0.6605679775182839,0.6582063500375277,GB,median,mnarD2,1,1
0.745323918963426,0.7465520049020842,0.6712066467682534,0.6735857289975739,LDA,median,mnarD2,1,1
0.7435196076663757,0.7411914196440088,0.6794801975877538,0.6705887486690754,SVC,median,mnarD2,1,1
0.7431876664919825,0.7414343763126457,0.6842051980241225,0.6836222094220734,RF,median,mnarD2,1,1
0.7251003276781253,0.7243983016445694,0.6575936883629192,0.6635003752770942,GB,knn,mnarD2,1,1
0.7461780190773804,0.7392985791773572,0.6759403745789043,0.6735490740255886,LDA,knn,mnarD2,1,1
0.7462998780588171,0.7435636097530496,0.677120315581854,0.6771150791572849,SVC,knn,mnarD2,1,1
0.739273013921043,0.7377656810097928,0.6783020020596603,0.6765285996055227,RF,knn,mnarD2,1,1
0.7305958933471848,0.7190391197705195,0.6688380373880715,0.663516084550802,GB,mice,mnarD2,1,1
0.7470465573333408,0.7414726353525524,0.6735804925730046,0.6664519732593251,LDA,mice,mnarD2,1,1
0.745664600058897,0.7434536943122143,0.6723935696706289,0.6747534516765284,SVC,mice,mnarD2,1,1
0.7406718460750719,0.7399263137708406,0.6741582447504845,0.6735717651987224,RF,mice,mnarD2,1,1
0.7280706772605645,0.7191165537378367,0.6570281545094343,0.6528407603288475,GB,tree,mnarD2,1,1
0.7466879086508504,0.7461701644976673,0.6741582447504845,0.6765233631809535,LDA,tree,mnarD2,1,1
0.7429001679640332,0.747340502586811,0.6723708784974953,0.6783037475345168,SVC,tree,mnarD2,1,1
0.7459294814055217,0.7445837924567127,0.6865703164545915,0.6812605819413171,RF,tree,mnarD2,1,1
0.90192011096742,0.8999246647759847,0.803658515299087,0.8077917997591244,GB,complete_case,mnarD4,1,1
0.8980738341916797,0.8843817888484935,0.8048471836763191,0.8030720357473251,GB,mean,mnarD4,1,1
0.760783571560938,0.7623637876855547,0.6924822397933357,0.6966294880522246,LDA,mean,mnarD4,1,1
0.7583393136714538,0.7583426844255465,0.6895306418111048,0.690736764936901,SVC,mean,mnarD4,1,1
0.7747275484259376,0.7736363854340709,0.6978216473791694,0.7037248433436315,RF,mean,mnarD4,1,1
0.9025309761448556,0.8295236990113531,0.8019008221186574,0.7486568570979736,GB,median,mnarD4,1,1
0.7557682369021507,0.7576956759629744,0.68776073030668,0.691900996666143,LDA,median,mnarD4,1,1
0.7567826575608375,0.7578202167961351,0.6883454643835856,0.6895463510848127,SVC,median,mnarD4,1,1
0.769416920510054,0.767598276119917,0.6842453439458206,0.6871794871794872,RF,median,mnarD4,1,1
0.9009669035308706,0.7746488773399647,0.8060306156289819,0.7060899617741007,GB,knn,mnarD4,1,1
0.7558880170076933,0.7564111578938897,0.6830322389205983,0.6865825347785866,LDA,knn,mnarD4,1,1
0.7611645005480175,0.7585071269607331,0.6877816760049571,0.6824492503185493,SVC,knn,mnarD4,1,1
0.7496634970204102,0.7509608172746317,0.6865772983540172,0.6901153758880103,RF,knn,mnarD4,1,1
0.895730408364139,0.8073636843750336,0.7941840777783596,0.7368539561187621,GB,mice,mnarD4,1,1
0.7543204859746779,0.756618594493142,0.6865615890803094,0.6924962035921872,LDA,mice,mnarD4,1,1
0.7543500961110692,0.7544890989271252,0.6865982440522944,0.6812466181424657,SVC,mice,mnarD4,1,1
0.760810510027652,0.7503945800072188,0.6954233649264283,0.6753381857534342,RF,mice,mnarD4,1,1
0.9036303975215011,0.7539307919839182,0.8084096978583023,0.6806479202667085,GB,tree,mnarD4,1,1
0.7564352270102178,0.7562770705228908,0.6895376237105304,0.6830130386971776,LDA,tree,mnarD4,1,1
0.7542054343122155,0.7576418725389559,0.6842174163481175,0.6871637779057793,SVC,tree,mnarD4,1,1
0.7560555964824159,0.7563566265777144,0.6948630674975127,0.6972246949782689,RF,tree,mnarD4,1,1
0.98107745199699,0.9795595328616116,0.9172226004084412,0.9112897313714197,GB,complete_case,mnarD8,1,1
0.9793456259442916,0.9777633773838467,0.9130648793004138,0.9207624234172906,GB,mean,mnarD8,1,1
0.8529005931265624,0.8516618667009179,0.7800492223909514,0.776465762510691,LDA,mean,mnarD8,1,1
0.8531317382486889,0.8534302169962993,0.7806042833952977,0.7841667975772809,SVC,mean,mnarD8,1,1
0.9060323788086876,0.9046945946047968,0.8048436927266064,0.7959923897296258,RF,mean,mnarD8,1,1
0.9796271915675568,0.9668703957592621,0.9178003525859211,0.9071634288108079,GB,median,mnarD8,1,1
0.8562287559669898,0.8556850463533943,0.7865074793597598,0.7871009408109476,LDA,median,mnarD8,1,1
0.8561662650221816,0.8559534878153434,0.7877188389101256,0.7900804663908816,SVC,median,mnarD8,1,1
0.9065671749097287,0.9067530042128341,0.7954024192281509,0.8030615628981865,RF,median,mnarD8,1,1
0.9815768138310139,0.9114993813537522,0.9166308844321097,0.8261384859751095,GB,knn,mnarD8,1,1
0.8722021722825124,0.8668492866383686,0.7812099631704805,0.7883018275121747,LDA,knn,mnarD8,1,1
0.8713629627907787,0.8664791076573609,0.7888673613656595,0.7806165017192928,SVC,knn,mnarD8,1,1
0.8479264114439845,0.8503313625361383,0.7557522123893806,0.7492642823480129,RF,knn,mnarD8,1,1
0.9803341524168925,0.9324127742565281,0.9142570386273586,0.8421165628109127,GB,mice,mnarD8,1,1
0.8343564062481607,0.8338067617431404,0.759897715173413,0.7593164720462202,LDA,mice,mnarD8,1,1
0.8306315156095492,0.8343401755692769,0.7581295491438445,0.7652353772843902,SVC,mice,mnarD8,1,1
0.8400532756959963,0.8333768861682461,0.7658532753835681,0.7663978635387757,RF,mice,mnarD8,1,1
0.9804464949099453,0.8959897736491318,0.9219388734705276,0.804236267476567,GB,tree,mnarD8,1,1
0.836964794506185,0.8396538608308937,0.7652214134855388,0.7670000523642457,LDA,tree,mnarD8,1,1
0.8429939960196642,0.8390378956898502,0.7675952592902899,0.7587369743938839,SVC,tree,mnarD8,1,1
0.8285467145093717,0.8288337445390083,0.7534167670314709,0.7545722713864307,RF,tree,mnarD8,1,1
0.7306332470541477,0.7157927152870813,0.6782775654116703,0.6487319125168002,GB,complete_case,mar2,1,1
0.7177523380586474,0.7092471131538781,0.6664537187341816,0.6498856713969035,GB,mean,mar2,1,1
0.7425219712422251,0.7443611381680373,0.6747464697771028,0.6753486586025728,LDA,mean,mar2,1,1
0.7457017940815687,0.7440751123116985,0.674755197151385,0.672976558272678,SVC,mean,mar2,1,1
0.7373376502478931,0.7345237633320861,0.6865825347785866,0.6824457593688363,RF,mean,mar2,1,1
0.7239476318471966,0.7079568193809743,0.661721736398387,0.6446056099561884,GB,median,mar2,1,1
0.7427180868957708,0.7427026166419244,0.6777137770330418,0.6783159658585118,LDA,median,mar2,1,1
0.7459426958393724,0.7413964629656368,0.6735665287741531,0.6741739540241923,SVC,median,mar2,1,1
0.7401981276011093,0.7351139228211799,0.6806618840655599,0.6806741023895551,RF,median,mar2,1,1
0.7168721458295554,0.7193558025273031,0.6504791328480913,0.662339634497565,GB,knn,mar2,1,1
0.7443384349360024,0.74325840539118,0.6700144874413085,0.6777172679827548,LDA,knn,mar2,1,1
0.7425601035032351,0.7431814117352904,0.6694088076661255,0.6741669721247666,SVC,knn,mar2,1,1
0.7417455828667846,0.7414962214425257,0.6889651079576199,0.6842156708732611,RF,knn,mar2,1,1
0.7296042499266273,0.7183282023269006,0.6688502557120665,0.6534604039028817,GB,mice,mar2,1,1
0.7439641019283455,0.74443620940387,0.673566528774153,0.6753364402785778,LDA,mice,mar2,1,1
0.739814968870007,0.7448922707190617,0.6741617357001972,0.6735351102267371,SVC,mice,mar2,1,1
0.7373691754782346,0.7382079093938916,0.6806706114398422,0.6771377703304183,RF,mice,mar2,1,1
0.7157276756021824,0.7236541927159427,0.6505000785463686,0.6558133040093557,GB,tree,mar2,1,1
0.7441884792179712,0.744346466832331,0.6694489535878236,0.6759194288806271,LDA,tree,mar2,1,1
0.7418677705296508,0.7456509136499373,0.6777015587090467,0.6765285996055226,SVC,tree,mar2,1,1
0.747991507750996,0.7455320213691853,0.6865685709797351,0.6960377720758932,RF,tree,mar2,1,1
0.7253740225794084,0.7200373276309898,0.6570106997608699,0.6546211446824108,GB,complete_case,mar4,1,1
0.7310151043458614,0.7200180776027907,0.6800666771395159,0.6617426820966644,GB,mean,mar4,1,1
0.7431873510968822,0.7407069809650861,0.6688136007400814,0.6664781553821717,LDA,mean,mar4,1,1
0.7462918029508763,0.7446427020529043,0.6705974760433576,0.6682602852105916,SVC,mean,mar4,1,1
0.748834560220274,0.7435340141447003,0.6877851669546701,0.685994309751968,RF,mean,mar4,1,1
0.7171004273131759,0.7179019210144377,0.6570141907105829,0.6593740727164825,GB,median,mar4,1,1
0.7449229852349895,0.739386123420212,0.6818243703199455,0.6771238065315668,LDA,median,mar4,1,1
0.7434743097280216,0.7419581535767519,0.6794819430626102,0.6729835401721038,SVC,median,mar4,1,1
0.7392777092103863,0.7344028665540483,0.6782758199368137,0.6783037475345167,RF,median,mar4,1,1
0.7183687076256128,0.7217603278360712,0.658183658864394,0.6605609956188581,GB,knn,mar4,1,1
0.7443733437100806,0.7418247767139278,0.679473215688328,0.6776998132341904,LDA,knn,mar4,1,1
0.7413806440387817,0.7417417580182499,0.6777190134576112,0.6747569426262415,SVC,knn,mar4,1,1
0.7392256053189422,0.7336048840446188,0.6806479202667085,0.6658829484561275,RF,knn,mar4,1,1
0.7169735684501987,0.7220196054561268,0.6546490722801138,0.6646942800788954,GB,mice,mar4,1,1
0.7468170510240234,0.7431261358880038,0.6700319421898728,0.6682480668865965,LDA,mice,mar4,1,1
0.7424378630675665,0.7430421074313195,0.6729783037475345,0.6682637761603044,SVC,mice,mar4,1,1
0.7452051632711031,0.7413670048149159,0.6848038958998796,0.678886736136566,RF,mice,mar4,1,1
0.7178607912582611,0.714544599276121,0.6569984814368749,0.6575727426646419,GB,tree,mar4,1,1
0.7454525564560954,0.7439411121089516,0.6706096943673526,0.6723953151454853,LDA,tree,mar4,1,1
0.7421915663151476,0.7424956958502498,0.6711891920196889,0.6700389240892985,SVC,tree,mar4,1,1
0.7465080087756327,0.7494976287503644,0.6972246949782688,0.6913057897400988,RF,tree,mar4,1,1
0.7199572165304582,0.7261912644298847,0.6528564696025554,0.6611387477963381,GB,complete_case,mar8,1,1
0.716967810378704,0.7182752286155043,0.6451885985582377,0.6593531270182054,GB,mean,mar8,1,1
0.7438060790493366,0.7448453396797781,0.6670471801853695,0.6711822101202631,LDA,mean,mar8,1,1
0.7424747272912672,0.7416687425624497,0.6647169712520291,0.6723848422963468,SVC,mean,mar8,1,1
0.7371259330914378,0.7389885593283265,0.6729573580492574,0.674770906425093,RF,mean,mar8,1,1
0.724895474586928,0.7218913874141064,0.6617252273481,0.6664624461084638,GB,median,mar8,1,1
0.7435616749158627,0.7422770453409513,0.6747621790508108,0.6729625944738267,LDA,median,mar8,1,1
0.7411932784883605,0.7416101900829151,0.6694437171632542,0.6741460264264892,SVC,median,mar8,1,1
0.7356634831380592,0.7350353920487752,0.6794697247386152,0.6776788675359132,RF,median,mar8,1,1
0.7282702510847977,0.7210683323600787,0.6611404932711944,0.6658812029812711,GB,knn,mar8,1,1
0.7405582170431864,0.7415661902313246,0.6711682463214117,0.6723638965980695,LDA,knn,mar8,1,1
0.7414456847170511,0.7414637757303421,0.6765111448569583,0.6706201672164912,SVC,knn,mar8,1,1
0.741884019337544,0.7406183571769547,0.6747272695536821,0.6741704630744794,RF,knn,mar8,1,1
0.7194357164438114,0.7113110631611221,0.6664781553821717,0.6510987764221257,GB,mice,mar8,1,1
0.7397353042894678,0.7404681918577701,0.6658846939309839,0.6664764099073153,LDA,mice,mar8,1,1
0.7433828021856334,0.7407180567966477,0.6723883332460596,0.6705660574959418,SVC,mice,mar8,1,1
0.740582634460009,0.7391477948642453,0.6771115882075719,0.6771290429561362,RF,mice,mar8,1,1
0.7236669878233155,0.7124871506297695,0.668234103087745,0.6593688362919132,GB,tree,mar8,1,1
0.741649862813065,0.7432031347590881,0.6664607006336073,0.6682393395123144,LDA,tree,mar8,1,1
0.7399523139992162,0.7418264741355902,0.6711804646454067,0.6729887765966731,SVC,tree,mar8,1,1
0.7391597271052586,0.7395020074028942,0.672393569670629,0.6812588364664607,RF,tree,mar8,1,1
0.7047217383266686,0.7014518198967818,0.6422370005760066,0.6422108184531601,GB,complete_case,mcar2,1,1
0.7114573580609052,0.696362837626109,0.659974516067096,0.6451920895079507,GB,mean,mcar2,1,1
0.7142396906902867,0.7130465530121797,0.6504861147475169,0.6499240718437451,LDA,mean,mcar2,1,1
0.7150569034846788,0.714952804103335,0.6428182437031994,0.6487441308407952,SVC,mean,mcar2,1,1
0.7107871375123135,0.7071423069398296,0.642828716552338,0.6428269710774817,RF,mean,mcar2,1,1
0.6966085224623646,0.6943584244042895,0.6416452845996753,0.6392766752194936,GB,median,mcar2,1,1
0.7129672321377971,0.7118552960325729,0.6504948421217993,0.6475537169887068,LDA,median,mcar2,1,1
0.7074959574791775,0.7107204257366971,0.6445881552076242,0.646361557661762,SVC,median,mcar2,1,1
0.7159085129707103,0.7116925885429526,0.6593653453422004,0.6475362622401424,RF,median,mcar2,1,1
0.7004763701520607,0.6738238427470824,0.6457593688362919,0.620928243528652,GB,knn,mcar2,1,1
0.6972128919907872,0.698981401722117,0.6363320591366881,0.6363303136618317,LDA,knn,mcar2,1,1
0.7040199868358554,0.6985260551369243,0.6357351067357875,0.6375050182402123,SVC,knn,mcar2,1,1
0.7014410115301992,0.7021827309063408,0.641643539124819,0.6469480372135239,RF,knn,mcar2,1,1
0.6892884428258468,0.6919721992132806,0.6315704037283343,0.6511022673718385,GB,mice,mcar2,1,1
0.7259402555008259,0.7245157165352015,0.6623326525981392,0.6653086872283605,LDA,mice,mcar2,1,1
0.7248556878675253,0.7229996691579899,0.6599448429945367,0.6552687158541481,SVC,mice,mcar2,1,1
0.7112045914871038,0.7005338064557851,0.64399294828158,0.6303747534516766,RF,mice,mcar2,1,1
0.6921707236658625,0.6692004277254247,0.6368853746661779,0.6173709657712381,GB,tree,mcar2,1,1
0.7206517232468093,0.7184648354578795,0.6682271211883194,0.6611509661203331,LDA,tree,mcar2,1,1
0.7207297205793116,0.7143280720960419,0.6658916758304098,0.659962297743101,SVC,tree,mcar2,1,1
0.7064275208152074,0.7042969856870723,0.6570089542860135,0.6457611143111484,RF,tree,mcar2,1,1
0.6300369857874027,0.6338712915806842,0.5996596324029952,0.5907769108585991,GB,complete_case,mcar4,1,1
0.6399204804515385,0.6252671531847183,0.6026042484858005,0.5990522071529559,GB,mean,mcar4,1,1
0.6629512258364514,0.6661814065945986,0.6168106683423226,0.6209334799532213,LDA,mean,mcar4,1,1
0.6687607845877789,0.6674334556072952,0.622719100731354,0.6244610846380758,SVC,mean,mcar4,1,1
0.654176881370267,0.6528201044211092,0.5801312597092039,0.5895952243807928,RF,mean,mcar4,1,1
0.6272779052271995,0.6362542929122477,0.5925572952121625,0.5937494545391074,GB,median,mcar4,1,1
0.6672925909667764,0.6681644537851061,0.6091078878008762,0.6037876804384633,LDA,median,mcar4,1,1
0.665760281371171,0.6664753890994586,0.6109022359532912,0.6091061423260198,SVC,median,mcar4,1,1
0.6577751193944295,0.6453849621950546,0.5766001640746364,0.57657398195179,RF,median,mcar4,1,1
0.6223434953634686,0.6343029529872064,0.5854409942224782,0.5948892496203593,GB,knn,mcar4,1,1
0.6544596217781956,0.6606049672890579,0.6108673264561624,0.617976645546421,LDA,knn,mcar4,1,1
0.6507804605732035,0.6575388458734673,0.6073432127210208,0.6061737445672095,SVC,knn,mcar4,1,1
0.6551095678853682,0.6522679420946517,0.6114782426559146,0.5961093365450071,RF,knn,mcar4,1,1
0.6320238148631754,0.6254872341473854,0.6002234207816237,0.5854654308704683,GB,mice,mcar4,1,1
0.6616864850269033,0.6677156016072135,0.6108795447801574,0.6150075928156256,LDA,mice,mcar4,1,1
0.65530947796548,0.6684538357433245,0.6008291005568065,0.6150110837653384,SVC,mice,mcar4,1,1
0.6522082374296303,0.6547003370307076,0.6138224153881063,0.6061632717180709,RF,mice,mcar4,1,1
0.6253108036182722,0.6071129796656584,0.5807247211603916,0.5807264666352482,GB,tree,mcar4,1,1
0.6594440139425494,0.6541228815072528,0.6049658759665568,0.5990469707283866,LDA,tree,mcar4,1,1
0.6380532721695313,0.6466199876951209,0.6014138346337121,0.6061597807683581,SVC,tree,mcar4,1,1
0.6526993405063617,0.6408169005035742,0.6002286572061929,0.5931525021382067,RF,tree,mcar4,1,1
0.5168053180779455,0.5340357306390744,0.513310991255171,0.5286851337906477,GB,complete_case,mcar8,1,1
0.5360004125218908,0.5367381037810806,0.526899513012515,0.5327852542284128,GB,mean,mcar8,1,1
0.5807933201254806,0.5861600355964347,0.5529280340716692,0.5623797804192631,LDA,mean,mcar8,1,1
0.5819312300105939,0.5794791701900273,0.5576512890331815,0.5541009931751933,SVC,mean,mcar8,1,1
0.5596715743634345,0.5627365697936824,0.5440505489518423,0.5410832416959034,RF,mean,mcar8,1,1
0.5284905494714103,0.5326534212148254,0.524537885531759,0.535187027630867,GB,median,mcar8,1,1
0.5758812574946692,0.5755128093374037,0.548775549388211,0.5481785969873105,LDA,median,mcar8,1,1
0.5730017064364988,0.5748817206287816,0.5517568204430015,0.5470108743083555,SVC,median,mcar8,1,1
0.5525151007200594,0.558936298856874,0.5446405194533173,0.5416854305213733,RF,median,mcar8,1,1
0.5238199697200836,0.5511206937827977,0.5268907856382329,0.5452479447033565,GB,knn,mcar8,1,1
0.5417616552272615,0.551615964048336,0.5310380338971217,0.5422841283971305,LDA,knn,mcar8,1,1
0.5385964045107559,0.5244002174835474,0.5464226492817371,0.5280969087640293,SVC,knn,mcar8,1,1
0.551687919577925,0.5598145450733621,0.5440592763261245,0.5434762877240754,RF,knn,mcar8,1,1
0.5355901320472365,0.5143400884010247,0.5298563474193154,0.5127140388542702,GB,mice,mcar8,1,1
0.5579429166656112,0.5654741428914638,0.5404985076189976,0.5570717913808452,LDA,mice,mcar8,1,1
0.5813596059438715,0.5821926857194115,0.5535092771988619,0.5458222059311236,SVC,mice,mcar8,1,1
0.5164600776607041,0.5222120748194661,0.5345883297551098,0.539917264491805,RF,mice,mcar8,1,1
0.5200655269330776,0.5148320262814018,0.5245431219563284,0.5192386238676232,GB,tree,mcar8,1,1
0.5167762925400317,0.5392973098983351,0.5263077970361837,0.5434623239252238,LDA,tree,mcar8,1,1
0.5102290234071343,0.5209156715702906,0.5322267022743536,0.5345953116545357,SVC,tree,mcar8,1,1
0.5101098704908248,0.5721783310205187,0.538142116562811,0.5464209038068807,RF,tree,mcar8,1,1
